date,gtq
2012-01-01,7.81083
2012-01-02,7.76205
2012-01-03,7.7745
2012-01-04,7.69194
2012-01-05,7.78262
2012-01-06,7.8248
2012-01-07,7.846139999999999
2012-01-08,7.836139999999999
2012-01-09,7.944539999999999
2012-01-10,7.95328
2012-01-11,7.83552
2012-01-12,7.89134
2012-01-13,7.819960000000001
2012-01-14,7.819960000000001
2012-01-15,7.819960000000001
2012-01-16,7.80548
2012-01-17,7.77993
2012-01-18,7.77155
2012-01-19,7.7656
2012-01-20,7.78188
2012-01-21,7.78188
2012-01-22,7.78188
2012-01-23,7.80393
2012-01-24,7.808039999999999
2012-01-25,7.8120899999999995
2012-01-26,7.81331
2012-01-27,7.81257
2012-01-28,7.81257
2012-01-29,7.81257
2012-01-30,7.806
2012-01-31,7.7828800000000005
2012-02-01,7.81083
2012-02-02,7.74195
2012-02-03,7.770919999999999
2012-02-04,7.680280000000001
2012-02-05,7.78176
2012-02-06,7.8248
2012-02-07,7.846139999999999
2012-02-08,7.83622
2012-02-09,7.944539999999999
2012-02-10,7.946969999999999
2012-02-11,7.82371
2012-02-12,7.89134
2012-02-13,7.76197
2012-02-14,7.76173
2012-02-15,7.7614600000000005
2012-02-16,7.762739999999999
2012-02-17,7.7695
2012-02-18,7.7695
2012-02-19,7.7695
2012-02-20,7.780530000000001
2012-02-21,7.80276
2012-02-22,7.81827
2012-02-23,7.826969999999999
2012-02-24,7.831919999999999
2012-02-25,7.831919999999999
2012-02-26,7.831919999999999
2012-02-27,7.8287
2012-02-28,7.796460000000001
2012-02-29,7.7915
2012-03-01,7.80808
2012-03-02,7.77013
2012-03-03,7.770919999999999
2012-03-04,7.678210000000001
2012-03-05,7.79295
2012-03-06,7.8248
2012-03-07,7.8385
2012-03-08,7.84215
2012-03-09,7.96177
2012-03-10,7.943219999999999
2012-03-11,7.82371
2012-03-12,7.8845600000000005
2012-03-13,7.71788
2012-03-14,7.70832
2012-03-15,7.69313
2012-03-16,7.69595
2012-03-17,7.69595
2012-03-18,7.69595
2012-03-19,7.70189
2012-03-20,7.7070300000000005
2012-03-21,7.72008
2012-03-22,7.75292
2012-03-23,7.754860000000001
2012-03-24,7.754860000000001
2012-03-25,7.754860000000001
2012-03-26,7.750369999999999
2012-03-27,7.723510000000001
2012-03-28,7.706510000000001
2012-03-29,7.70478
2012-03-30,7.69194
2012-03-31,7.69194
2012-04-01,7.817010000000001
2012-04-02,7.77013
2012-04-03,7.770919999999999
2012-04-04,7.68853
2012-04-05,7.8013
2012-04-06,7.82905
2012-04-07,7.823510000000001
2012-04-08,7.84215
2012-04-09,7.973389999999999
2012-04-10,7.93987
2012-04-11,7.82371
2012-04-12,7.8791199999999995
2012-04-13,7.72703
2012-04-14,7.72703
2012-04-15,7.72703
2012-04-16,7.732810000000001
2012-04-17,7.759010000000001
2012-04-18,7.7710300000000005
2012-04-19,7.771539999999999
2012-04-20,7.778810000000001
2012-04-21,7.778810000000001
2012-04-22,7.778810000000001
2012-04-23,7.7965
2012-04-24,7.78338
2012-04-25,7.77814
2012-04-26,7.772889999999999
2012-04-27,7.7702800000000005
2012-04-28,7.7702800000000005
2012-04-29,7.7702800000000005
2012-04-30,7.78262
2012-05-01,7.84218
2012-05-02,7.77013
2012-05-03,7.76875
2012-05-04,7.68853
2012-05-05,7.8013
2012-05-06,7.829439999999999
2012-05-07,7.82378
2012-05-08,7.84215
2012-05-09,7.99074
2012-05-10,7.9374899999999995
2012-05-11,7.81835
2012-05-12,7.86402
2012-05-13,7.778169999999999
2012-05-14,7.77382
2012-05-15,7.76155
2012-05-16,7.751060000000001
2012-05-17,7.76036
2012-05-18,7.7804899999999995
2012-05-19,7.7804899999999995
2012-05-20,7.7804899999999995
2012-05-21,7.77354
2012-05-22,7.768560000000001
2012-05-23,7.775580000000001
2012-05-24,7.784910000000001
2012-05-25,7.7885800000000005
2012-05-26,7.7885800000000005
2012-05-27,7.7885800000000005
2012-05-28,7.7922199999999995
2012-05-29,7.79678
2012-05-30,7.80346
2012-05-31,7.8166899999999995
2012-06-01,7.859939999999999
2012-06-02,7.78385
2012-06-03,7.766960000000001
2012-06-04,7.68853
2012-06-05,7.8013
2012-06-06,7.82936
2012-06-07,7.82017
2012-06-08,7.85508
2012-06-09,8.00717
2012-06-10,7.9374899999999995
2012-06-11,7.81325
2012-06-12,7.85487
2012-06-13,7.87448
2012-06-14,7.87547
2012-06-15,7.86914
2012-06-16,7.86914
2012-06-17,7.86914
2012-06-18,7.8524
2012-06-19,7.841069999999999
2012-06-20,7.83294
2012-06-21,7.8357
2012-06-22,7.855860000000001
2012-06-23,7.855860000000001
2012-06-24,7.855860000000001
2012-06-25,7.857489999999999
2012-06-26,7.85227
2012-06-27,7.84572
2012-06-28,7.846139999999999
2012-06-29,7.846139999999999
2012-06-30,7.846139999999999
2012-07-01,7.859939999999999
2012-07-02,7.78263
2012-07-03,7.762510000000001
2012-07-04,7.68853
2012-07-05,7.79303
2012-07-06,7.83856
2012-07-07,7.82017
2012-07-08,7.8536399999999995
2012-07-09,8.01126
2012-07-10,7.9374899999999995
2012-07-11,7.8154699999999995
2012-07-12,7.856439999999999
2012-07-13,7.828410000000001
2012-07-14,7.828410000000001
2012-07-15,7.828410000000001
2012-07-16,7.81575
2012-07-17,7.81387
2012-07-18,7.81124
2012-07-19,7.81882
2012-07-20,7.824260000000001
2012-07-21,7.824260000000001
2012-07-22,7.824260000000001
2012-07-23,7.82602
2012-07-24,7.82523
2012-07-25,7.834110000000001
2012-07-26,7.83408
2012-07-27,7.83494
2012-07-28,7.83494
2012-07-29,7.83494
2012-07-30,7.837680000000001
2012-07-31,7.83494
2012-08-01,7.859939999999999
2012-08-02,7.7641800000000005
2012-08-03,7.750319999999999
2012-08-04,7.68853
2012-08-05,7.788880000000001
2012-08-06,7.85865
2012-08-07,7.82017
2012-08-08,7.86025
2012-08-09,8.01126
2012-08-10,7.9227
2012-08-11,7.8239399999999995
2012-08-12,7.856439999999999
2012-08-13,7.86685
2012-08-14,7.87092
2012-08-15,7.87092
2012-08-16,7.87135
2012-08-17,7.87206
2012-08-18,7.87206
2012-08-19,7.87206
2012-08-20,7.869280000000001
2012-08-21,7.86227
2012-08-22,7.86411
2012-08-23,7.87886
2012-08-24,7.901960000000001
2012-08-25,7.901960000000001
2012-08-26,7.901960000000001
2012-08-27,7.912089999999999
2012-08-28,7.91443
2012-08-29,7.928439999999999
2012-08-30,7.93508
2012-08-31,7.944539999999999
2012-09-01,7.852760000000001
2012-09-02,7.75202
2012-09-03,7.7377
2012-09-04,7.69678
2012-09-05,7.77615
2012-09-06,7.85865
2012-09-07,7.81964
2012-09-08,7.859380000000001
2012-09-09,8.01126
2012-09-10,7.900119999999999
2012-09-11,7.8326899999999995
2012-09-12,7.856439999999999
2012-09-13,7.995419999999999
2012-09-14,7.981310000000001
2012-09-15,7.981310000000001
2012-09-16,7.981310000000001
2012-09-17,7.981310000000001
2012-09-18,7.961289999999999
2012-09-19,7.94918
2012-09-20,7.94043
2012-09-21,7.937239999999999
2012-09-22,7.937239999999999
2012-09-23,7.937239999999999
2012-09-24,7.96293
2012-09-25,7.957110000000001
2012-09-26,7.95562
2012-09-27,7.95637
2012-09-28,7.95719
2012-09-29,7.95719
2012-09-30,7.95719
2012-10-01,7.8226
2012-10-02,7.75386
2012-10-03,7.7377
2012-10-04,7.706169999999999
2012-10-05,7.77257
2012-10-06,7.85865
2012-10-07,7.81721
2012-10-08,7.86137
2012-10-09,8.0151
2012-10-10,7.889880000000001
2012-10-11,7.8326899999999995
2012-10-12,7.8345199999999995
2012-10-13,7.8905
2012-10-14,7.8905
2012-10-15,7.8823300000000005
2012-10-16,7.87127
2012-10-17,7.85561
2012-10-18,7.8337
2012-10-19,7.8341
2012-10-20,7.8341
2012-10-21,7.8341
2012-10-22,7.8341
2012-10-23,7.83387
2012-10-24,7.84387
2012-10-25,7.86074
2012-10-26,7.87369
2012-10-27,7.87369
2012-10-28,7.87369
2012-10-29,7.86448
2012-10-30,7.83489
2012-10-31,7.83552
2012-11-01,7.828810000000001
2012-11-02,7.75386
2012-11-03,7.7377
2012-11-04,7.7166
2012-11-05,7.778169999999999
2012-11-06,7.875660000000001
2012-11-07,7.814780000000001
2012-11-08,7.86137
2012-11-09,8.01533
2012-11-10,7.8905
2012-11-11,7.8326899999999995
2012-11-12,7.82233
2012-11-13,7.82304
2012-11-14,7.83254
2012-11-15,7.84373
2012-11-16,7.86419
2012-11-17,7.86419
2012-11-18,7.86419
2012-11-19,7.8741
2012-11-20,7.87485
2012-11-21,7.878889999999999
2012-11-22,7.895580000000001
2012-11-23,7.91538
2012-11-24,7.91538
2012-11-25,7.91538
2012-11-26,7.93164
2012-11-27,7.935560000000001
2012-11-28,7.934989999999999
2012-11-29,7.913239999999999
2012-11-30,7.89134
2012-12-01,7.8239399999999995
2012-12-02,7.75386
2012-12-03,7.73256
2012-12-04,7.7215300000000004
2012-12-05,7.778169999999999
2012-12-06,7.8762300000000005
2012-12-07,7.81487
2012-12-08,7.86137
2012-12-09,8.00412
2012-12-10,7.8905
2012-12-11,7.83018
2012-12-12,7.825880000000001
2012-12-13,7.87453
2012-12-14,7.89232
2012-12-15,7.89232
2012-12-16,7.89232
2012-12-17,7.88484
2012-12-18,7.878489999999999
2012-12-19,7.90885
2012-12-20,7.938680000000001
2012-12-21,7.9517
2012-12-22,7.9517
2012-12-23,7.9517
2012-12-24,7.94883
2012-12-25,7.94883
2012-12-26,7.93565
2012-12-27,7.921469999999999
2012-12-28,7.9023
2012-12-29,7.9023
2012-12-30,7.9023
2012-12-31,7.9023
2013-01-01,7.9023
2013-01-02,7.817889999999999
2013-01-03,7.841069999999999
2013-01-04,7.772010000000001
2013-01-05,7.78443
2013-01-06,7.79449
2013-01-07,7.83298
2013-01-08,7.83953
2013-01-09,7.963430000000001
2013-01-10,7.944839999999999
2013-01-11,7.922680000000001
2013-01-12,7.900519999999999
2013-01-13,7.90917
2013-01-14,7.8983
2013-01-15,7.88209
2013-01-16,7.86683
2013-01-17,7.85367
2013-01-18,7.858960000000001
2013-01-19,7.858960000000001
2013-01-20,7.858960000000001
2013-01-21,7.852869999999999
2013-01-22,7.84381
2013-01-23,7.8428
2013-01-24,7.84275
2013-01-25,7.848789999999999
2013-01-26,7.848789999999999
2013-01-27,7.848789999999999
2013-01-28,7.861210000000001
2013-01-29,7.864669999999999
2013-01-30,7.84912
2013-01-31,7.82798
2013-02-01,7.90252
2013-02-02,7.817889999999999
2013-02-03,7.841069999999999
2013-02-04,7.7712
2013-02-05,7.7811
2013-02-06,7.79449
2013-02-07,7.835960000000001
2013-02-08,7.836869999999999
2013-02-09,7.9515
2013-02-10,7.96231
2013-02-11,7.922680000000001
2013-02-12,7.89456
2013-02-13,7.8253699999999995
2013-02-14,7.828469999999999
2013-02-15,7.82718
2013-02-16,7.82718
2013-02-17,7.82718
2013-02-18,7.81635
2013-02-19,7.8147
2013-02-20,7.8221300000000005
2013-02-21,7.815239999999999
2013-02-22,7.802689999999999
2013-02-23,7.802689999999999
2013-02-24,7.802689999999999
2013-02-25,7.78788
2013-02-26,7.78912
2013-02-27,7.827369999999999
2013-02-28,7.83436
2013-03-01,7.93823
2013-03-02,7.817889999999999
2013-03-03,7.841069999999999
2013-03-04,7.7873
2013-03-05,7.78097
2013-03-06,7.79455
2013-03-07,7.82985
2013-03-08,7.836869999999999
2013-03-09,7.965789999999999
2013-03-10,7.959219999999999
2013-03-11,7.922680000000001
2013-03-12,7.88589
2013-03-13,7.8010600000000005
2013-03-14,7.80312
2013-03-15,7.809089999999999
2013-03-16,7.809089999999999
2013-03-17,7.809089999999999
2013-03-18,7.8082899999999995
2013-03-19,7.814489999999999
2013-03-20,7.83731
2013-03-21,7.826689999999999
2013-03-22,7.81888
2013-03-23,7.81888
2013-03-24,7.81888
2013-03-25,7.80133
2013-03-26,7.785410000000001
2013-03-27,7.7774399999999995
2013-03-28,7.7774399999999995
2013-03-29,7.7774399999999995
2013-03-30,7.7774399999999995
2013-03-31,7.7774399999999995
2013-04-01,7.9611600000000005
2013-04-02,7.8193399999999995
2013-04-03,7.8375
2013-04-04,7.80479
2013-04-05,7.78097
2013-04-06,7.7907
2013-04-07,7.820689999999999
2013-04-08,7.836869999999999
2013-04-09,7.986489999999999
2013-04-10,7.960960000000001
2013-04-11,7.9160699999999995
2013-04-12,7.87218
2013-04-13,7.802910000000001
2013-04-14,7.802910000000001
2013-04-15,7.79161
2013-04-16,7.7878300000000005
2013-04-17,7.79104
2013-04-18,7.7969
2013-04-19,7.80243
2013-04-20,7.80243
2013-04-21,7.80243
2013-04-22,7.7996
2013-04-23,7.79945
2013-04-24,7.8022100000000005
2013-04-25,7.8024
2013-04-26,7.79046
2013-04-27,7.79046
2013-04-28,7.79046
2013-04-29,7.78637
2013-04-30,7.78443
2013-05-01,7.9611600000000005
2013-05-02,7.828539999999999
2013-05-03,7.83145
2013-05-04,7.821860000000001
2013-05-05,7.78097
2013-05-06,7.7914699999999995
2013-05-07,7.81349
2013-05-08,7.835319999999999
2013-05-09,7.998010000000001
2013-05-10,7.960960000000001
2013-05-11,7.90803
2013-05-12,7.86004
2013-05-13,7.776110000000001
2013-05-14,7.7752
2013-05-15,7.78677
2013-05-16,7.79604
2013-05-17,7.7964899999999995
2013-05-18,7.7964899999999995
2013-05-19,7.7964899999999995
2013-05-20,7.78602
2013-05-21,7.78724
2013-05-22,7.78975
2013-05-23,7.79868
2013-05-24,7.79545
2013-05-25,7.79545
2013-05-26,7.79545
2013-05-27,7.78673
2013-05-28,7.78919
2013-05-29,7.79165
2013-05-30,7.796589999999999
2013-05-31,7.79449
2013-06-01,7.9611600000000005
2013-06-02,7.839580000000001
2013-06-03,7.82034
2013-06-04,7.821860000000001
2013-06-05,7.781960000000001
2013-06-06,7.802510000000001
2013-06-07,7.81349
2013-06-08,7.838610000000001
2013-06-09,7.987239999999999
2013-06-10,7.960960000000001
2013-06-11,7.89867
2013-06-12,7.859539999999999
2013-06-13,7.83625
2013-06-14,7.820289999999999
2013-06-15,7.820289999999999
2013-06-16,7.820289999999999
2013-06-17,7.80572
2013-06-18,7.808839999999999
2013-06-19,7.817069999999999
2013-06-20,7.81761
2013-06-21,7.81729
2013-06-22,7.81729
2013-06-23,7.81729
2013-06-24,7.8205800000000005
2013-06-25,7.825480000000001
2013-06-26,7.83063
2013-06-27,7.83298
2013-06-28,7.83298
2013-06-29,7.83298
2013-06-30,7.83298
2013-07-01,7.96988
2013-07-02,7.850110000000001
2013-07-03,7.799460000000001
2013-07-04,7.821860000000001
2013-07-05,7.78021
2013-07-06,7.807589999999999
2013-07-07,7.81349
2013-07-08,7.84558
2013-07-09,7.987239999999999
2013-07-10,7.9657
2013-07-11,7.88944
2013-07-12,7.859539999999999
2013-07-13,7.82757
2013-07-14,7.82757
2013-07-15,7.82275
2013-07-16,7.81162
2013-07-17,7.81008
2013-07-18,7.81542
2013-07-19,7.8139
2013-07-20,7.8139
2013-07-21,7.8139
2013-07-22,7.81122
2013-07-23,7.816210000000001
2013-07-24,7.81964
2013-07-25,7.82223
2013-07-26,7.837330000000001
2013-07-27,7.837330000000001
2013-07-28,7.837330000000001
2013-07-29,7.83604
2013-07-30,7.835839999999999
2013-07-31,7.84368
2013-08-01,7.950360000000001
2013-08-02,7.87695
2013-08-03,7.794910000000001
2013-08-04,7.81795
2013-08-05,7.777430000000001
2013-08-06,7.807589999999999
2013-08-07,7.81498
2013-08-08,7.84783
2013-08-09,7.987239999999999
2013-08-10,7.97553
2013-08-11,7.870410000000001
2013-08-12,7.859539999999999
2013-08-13,7.86643
2013-08-14,7.8752699999999995
2013-08-15,7.8752699999999995
2013-08-16,7.884339999999999
2013-08-17,7.884339999999999
2013-08-18,7.884339999999999
2013-08-19,7.889689999999999
2013-08-20,7.89312
2013-08-21,7.89841
2013-08-22,7.9141699999999995
2013-08-23,7.92937
2013-08-24,7.92937
2013-08-25,7.92937
2013-08-26,7.940230000000001
2013-08-27,7.957210000000001
2013-08-28,7.965510000000001
2013-08-29,7.973610000000001
2013-08-30,7.963430000000001
2013-08-31,7.963430000000001
2013-09-01,7.93307
2013-09-02,7.87695
2013-09-03,7.794910000000001
2013-09-04,7.80612
2013-09-05,7.775860000000001
2013-09-06,7.807589999999999
2013-09-07,7.82045
2013-09-08,7.855360000000001
2013-09-09,7.97289
2013-09-10,7.97726
2013-09-11,7.870410000000001
2013-09-12,7.8608899999999995
2013-09-13,7.907780000000001
2013-09-14,7.907780000000001
2013-09-15,7.907780000000001
2013-09-16,7.907780000000001
2013-09-17,7.90601
2013-09-18,7.91282
2013-09-19,7.9154800000000005
2013-09-20,7.928839999999999
2013-09-21,7.928839999999999
2013-09-22,7.928839999999999
2013-09-23,7.93968
2013-09-24,7.94065
2013-09-25,7.93445
2013-09-26,7.93037
2013-09-27,7.93301
2013-09-28,7.93301
2013-09-29,7.93301
2013-09-30,7.93365
2013-10-01,7.90878
2013-10-02,7.87695
2013-10-03,7.794910000000001
2013-10-04,7.79465
2013-10-05,7.78322
2013-10-06,7.81078
2013-10-07,7.822989999999999
2013-10-08,7.855360000000001
2013-10-09,7.96133
2013-10-10,7.97053
2013-10-11,7.870410000000001
2013-10-12,7.85288
2013-10-13,7.966589999999999
2013-10-14,7.966589999999999
2013-10-15,7.95765
2013-10-16,7.94715
2013-10-17,7.9497
2013-10-18,7.96161
2013-10-19,7.96161
2013-10-20,7.96161
2013-10-21,7.96161
2013-10-22,7.97531
2013-10-23,7.9787
2013-10-24,7.981
2013-10-25,7.9704
2013-10-26,7.9704
2013-10-27,7.9704
2013-10-28,7.9619
2013-10-29,7.9499
2013-10-30,7.938680000000001
2013-10-31,7.922680000000001
2013-11-01,7.90917
2013-11-02,7.876510000000001
2013-11-03,7.807989999999999
2013-11-04,7.798039999999999
2013-11-05,7.78322
2013-11-06,7.822210000000001
2013-11-07,7.82498
2013-11-08,7.855360000000001
2013-11-09,7.94027
2013-11-10,7.966589999999999
2013-11-11,7.8620600000000005
2013-11-12,7.85589
2013-11-13,7.879410000000001
2013-11-14,7.911410000000001
2013-11-15,7.9144
2013-11-16,7.9144
2013-11-17,7.9144
2013-11-18,7.90038
2013-11-19,7.90746
2013-11-20,7.91874
2013-11-21,7.91907
2013-11-22,7.90322
2013-11-23,7.90322
2013-11-24,7.90322
2013-11-25,7.88381
2013-11-26,7.886360000000001
2013-11-27,7.883710000000001
2013-11-28,7.88974
2013-11-29,7.900519999999999
2013-11-30,7.900519999999999
2013-12-01,7.90917
2013-12-02,7.8432
2013-12-03,7.80167
2013-12-04,7.802910000000001
2013-12-05,7.78322
2013-12-06,7.83966
2013-12-07,7.82757
2013-12-08,7.857310000000001
2013-12-09,7.92068
2013-12-10,7.966589999999999
2013-12-11,7.8719399999999995
2013-12-12,7.871510000000001
2013-12-13,7.8729
2013-12-14,7.8729
2013-12-15,7.8729
2013-12-16,7.877910000000001
2013-12-17,7.87292
2013-12-18,7.87675
2013-12-19,7.879389999999999
2013-12-20,7.872560000000001
2013-12-21,7.872560000000001
2013-12-22,7.872560000000001
2013-12-23,7.85228
2013-12-24,7.843939999999999
2013-12-25,7.843939999999999
2013-12-26,7.8470699999999995
2013-12-27,7.83401
2013-12-28,7.83401
2013-12-29,7.83401
2013-12-30,7.8413699999999995
2013-12-31,7.8413699999999995
2014-01-01,7.8413699999999995
2014-01-02,7.81093
2014-01-03,7.744269999999999
2014-01-04,7.7298800000000005
2014-01-05,7.724939999999999
2014-01-06,7.78525
2014-01-07,7.7786100000000005
2014-01-08,7.800960000000001
2014-01-09,7.75315
2014-01-10,7.65935
2014-01-11,7.609389999999999
2014-01-12,7.6493199999999995
2014-01-13,7.85968
2014-01-14,7.83971
2014-01-15,7.82857
2014-01-16,7.830539999999999
2014-01-17,7.83127
2014-01-18,7.83127
2014-01-19,7.83127
2014-01-20,7.82465
2014-01-21,7.831589999999999
2014-01-22,7.83621
2014-01-23,7.846480000000001
2014-01-24,7.8522300000000005
2014-01-25,7.8522300000000005
2014-01-26,7.8522300000000005
2014-01-27,7.85098
2014-01-28,7.840319999999999
2014-01-29,7.82835
2014-01-30,7.81555
2014-01-31,7.81093
2014-02-01,7.85738
2014-02-02,7.81093
2014-02-03,7.744269999999999
2014-02-04,7.739739999999999
2014-02-05,7.7199800000000005
2014-02-06,7.783739999999999
2014-02-07,7.77273
2014-02-08,7.800960000000001
2014-02-09,7.75082
2014-02-10,7.66143
2014-02-11,7.609389999999999
2014-02-12,7.6446
2014-02-13,7.75407
2014-02-14,7.747380000000001
2014-02-15,7.747380000000001
2014-02-16,7.747380000000001
2014-02-17,7.738810000000001
2014-02-18,7.750610000000001
2014-02-19,7.75263
2014-02-20,7.7563
2014-02-21,7.742719999999999
2014-02-22,7.742719999999999
2014-02-23,7.742719999999999
2014-02-24,7.73567
2014-02-25,7.74419
2014-02-26,7.74437
2014-02-27,7.751689999999999
2014-02-28,7.744269999999999
2014-03-01,7.86073
2014-03-02,7.79949
2014-03-03,7.732489999999999
2014-03-04,7.76156
2014-03-05,7.7199800000000005
2014-03-06,7.7801100000000005
2014-03-07,7.76416
2014-03-08,7.800960000000001
2014-03-09,7.74827
2014-03-10,7.687460000000001
2014-03-11,7.609389999999999
2014-03-12,7.64359
2014-03-13,7.7283100000000005
2014-03-14,7.716239999999999
2014-03-15,7.716239999999999
2014-03-16,7.716239999999999
2014-03-17,7.713989999999999
2014-03-18,7.714180000000001
2014-03-19,7.717110000000001
2014-03-20,7.71973
2014-03-21,7.72518
2014-03-22,7.72518
2014-03-23,7.72518
2014-03-24,7.729139999999999
2014-03-25,7.73417
2014-03-26,7.733560000000001
2014-03-27,7.731210000000001
2014-03-28,7.72612
2014-03-29,7.72612
2014-03-30,7.72612
2014-03-31,7.7278199999999995
2014-04-01,7.86073
2014-04-02,7.793489999999999
2014-04-03,7.72814
2014-04-04,7.7716
2014-04-05,7.7199800000000005
2014-04-06,7.79334
2014-04-07,7.75665
2014-04-08,7.79968
2014-04-09,7.7350699999999994
2014-04-10,7.687460000000001
2014-04-11,7.60177
2014-04-12,7.638389999999999
2014-04-13,7.76607
2014-04-14,7.75817
2014-04-15,7.7527800000000004
2014-04-16,7.7494
2014-04-17,7.7494
2014-04-18,7.7494
2014-04-19,7.7494
2014-04-20,7.7494
2014-04-21,7.752160000000001
2014-04-22,7.750710000000001
2014-04-23,7.74862
2014-04-24,7.742560000000001
2014-04-25,7.73947
2014-04-26,7.73947
2014-04-27,7.73947
2014-04-28,7.73465
2014-04-29,7.731789999999999
2014-04-30,7.724939999999999
2014-05-01,7.86073
2014-05-02,7.79321
2014-05-03,7.729010000000001
2014-05-04,7.7716
2014-05-05,7.71519
2014-05-06,7.81268
2014-05-07,7.75665
2014-05-08,7.807869999999999
2014-05-09,7.723269999999999
2014-05-10,7.687460000000001
2014-05-11,7.60808
2014-05-12,7.63218
2014-05-13,7.71852
2014-05-14,7.7167699999999995
2014-05-15,7.7175199999999995
2014-05-16,7.71473
2014-05-17,7.71473
2014-05-18,7.71473
2014-05-19,7.719360000000001
2014-05-20,7.7240899999999995
2014-05-21,7.73775
2014-05-22,7.7475
2014-05-23,7.751010000000001
2014-05-24,7.751010000000001
2014-05-25,7.751010000000001
2014-05-26,7.755610000000001
2014-05-27,7.761410000000001
2014-05-28,7.76047
2014-05-29,7.776439999999999
2014-05-30,7.78525
2014-05-31,7.78525
2014-06-01,7.864510000000001
2014-06-02,7.794560000000001
2014-06-03,7.73378
2014-06-04,7.7716
2014-06-05,7.71249
2014-06-06,7.83643
2014-06-07,7.75665
2014-06-08,7.80965
2014-06-09,7.723269999999999
2014-06-10,7.6951
2014-06-11,7.60571
2014-06-12,7.63218
2014-06-13,7.81502
2014-06-14,7.81502
2014-06-15,7.81502
2014-06-16,7.81222
2014-06-17,7.813110000000001
2014-06-18,7.81619
2014-06-19,7.817639999999999
2014-06-20,7.81372
2014-06-21,7.81372
2014-06-22,7.81372
2014-06-23,7.803660000000001
2014-06-24,7.79537
2014-06-25,7.7911
2014-06-26,7.785480000000001
2014-06-27,7.7786100000000005
2014-06-28,7.7786100000000005
2014-06-29,7.7786100000000005
2014-06-30,7.7786100000000005
2014-07-01,7.88116
2014-07-02,7.77945
2014-07-03,7.74218
2014-07-04,7.7607
2014-07-05,7.709169999999999
2014-07-06,7.83643
2014-07-07,7.75057
2014-07-08,7.81531
2014-07-09,7.723269999999999
2014-07-10,7.691789999999999
2014-07-11,7.601089999999999
2014-07-12,7.63218
2014-07-13,7.74947
2014-07-14,7.7441
2014-07-15,7.743760000000001
2014-07-16,7.74453
2014-07-17,7.74642
2014-07-18,7.75709
2014-07-19,7.75709
2014-07-20,7.75709
2014-07-21,7.767239999999999
2014-07-22,7.7759100000000005
2014-07-23,7.7960899999999995
2014-07-24,7.7967
2014-07-25,7.7992
2014-07-26,7.7992
2014-07-27,7.7992
2014-07-28,7.79939
2014-07-29,7.81455
2014-07-30,7.82252
2014-07-31,7.81606
2014-08-01,7.88673
2014-08-02,7.77945
2014-08-03,7.74218
2014-08-04,7.75605
2014-08-05,7.7072899999999995
2014-08-06,7.83643
2014-08-07,7.75287
2014-08-08,7.8270800000000005
2014-08-09,7.71263
2014-08-10,7.680510000000001
2014-08-11,7.601089999999999
2014-08-12,7.6375399999999996
2014-08-13,7.83555
2014-08-14,7.83292
2014-08-15,7.83292
2014-08-16,7.83292
2014-08-17,7.83292
2014-08-18,7.825410000000001
2014-08-19,7.819839999999999
2014-08-20,7.8218
2014-08-21,7.8101199999999995
2014-08-22,7.800160000000001
2014-08-23,7.800160000000001
2014-08-24,7.800160000000001
2014-08-25,7.785410000000001
2014-08-26,7.77387
2014-08-27,7.769660000000001
2014-08-28,7.7704
2014-08-29,7.767180000000001
2014-08-30,7.767180000000001
2014-08-31,7.767180000000001
2014-09-01,7.88808
2014-09-02,7.77945
2014-09-03,7.74218
2014-09-04,7.75586
2014-09-05,7.7159699999999996
2014-09-06,7.83767
2014-09-07,7.75243
2014-09-08,7.8270800000000005
2014-09-09,7.74343
2014-09-10,7.663810000000001
2014-09-11,7.601089999999999
2014-09-12,7.63845
2014-09-13,7.73842
2014-09-14,7.73842
2014-09-15,7.73842
2014-09-16,7.72098
2014-09-17,7.721360000000001
2014-09-18,7.7183399999999995
2014-09-19,7.71433
2014-09-20,7.71433
2014-09-21,7.71433
2014-09-22,7.716939999999999
2014-09-23,7.71862
2014-09-24,7.71696
2014-09-25,7.717339999999999
2014-09-26,7.707210000000001
2014-09-27,7.707210000000001
2014-09-28,7.707210000000001
2014-09-29,7.689010000000001
2014-09-30,7.6711800000000006
2014-10-01,7.87985
2014-10-02,7.765969999999999
2014-10-03,7.748939999999999
2014-10-04,7.76542
2014-10-05,7.7159699999999996
2014-10-06,7.8305
2014-10-07,7.74635
2014-10-08,7.8270800000000005
2014-10-09,7.760619999999999
2014-10-10,7.65534
2014-10-11,7.59663
2014-10-12,7.635910000000001
2014-10-13,7.65534
2014-10-14,7.6414800000000005
2014-10-15,7.6386899999999995
2014-10-16,7.63422
2014-10-17,7.62971
2014-10-18,7.62971
2014-10-19,7.62971
2014-10-20,7.62971
2014-10-21,7.63748
2014-10-22,7.64398
2014-10-23,7.6472
2014-10-24,7.63784
2014-10-25,7.63784
2014-10-26,7.63784
2014-10-27,7.6115
2014-10-28,7.6090800000000005
2014-10-29,7.61717
2014-10-30,7.61258
2014-10-31,7.609389999999999
2014-11-01,7.87985
2014-11-02,7.76766
2014-11-03,7.738010000000001
2014-11-04,7.76607
2014-11-05,7.7159699999999996
2014-11-06,7.819780000000001
2014-11-07,7.74947
2014-11-08,7.83327
2014-11-09,7.756660000000001
2014-11-10,7.65534
2014-11-11,7.60268
2014-11-12,7.63702
2014-11-13,7.60496
2014-11-14,7.61211
2014-11-15,7.61211
2014-11-16,7.61211
2014-11-17,7.61411
2014-11-18,7.6217
2014-11-19,7.6204600000000005
2014-11-20,7.61751
2014-11-21,7.6184899999999995
2014-11-22,7.6184899999999995
2014-11-23,7.6184899999999995
2014-11-24,7.62285
2014-11-25,7.62391
2014-11-26,7.624280000000001
2014-11-27,7.6302
2014-11-28,7.64657
2014-11-29,7.64657
2014-11-30,7.64657
2014-12-01,7.87985
2014-12-02,7.7674
2014-12-03,7.736089999999999
2014-12-04,7.76607
2014-12-05,7.7167699999999995
2014-12-06,7.81342
2014-12-07,7.74947
2014-12-08,7.83944
2014-12-09,7.73842
2014-12-10,7.65534
2014-12-11,7.60573
2014-12-12,7.6318
2014-12-13,7.6318
2014-12-14,7.6318
2014-12-15,7.6297
2014-12-16,7.623530000000001
2014-12-17,7.6167
2014-12-18,7.6105
2014-12-19,7.614719999999999
2014-12-20,7.614719999999999
2014-12-21,7.614719999999999
2014-12-22,7.6135
2014-12-23,7.613519999999999
2014-12-24,7.612139999999999
2014-12-25,7.612139999999999
2014-12-26,7.6043899999999995
2014-12-27,7.6043899999999995
2014-12-28,7.6043899999999995
2014-12-29,7.600410000000001
2014-12-30,7.59675
2014-12-31,7.59675
2015-01-01,7.59675
2015-01-02,7.65538
2015-01-03,7.627280000000001
2015-01-04,7.63973
2015-01-05,7.75679
2015-01-06,7.66822
2015-01-07,7.626460000000001
2015-01-08,7.64871
2015-01-09,7.691889999999999
2015-01-10,7.70218
2015-01-11,7.662669999999999
2015-01-12,7.6012699999999995
2015-01-13,7.67197
2015-01-14,7.66638
2015-01-15,7.650460000000001
2015-01-16,7.6481699999999995
2015-01-17,7.6481699999999995
2015-01-18,7.6481699999999995
2015-01-19,7.645580000000001
2015-01-20,7.642530000000001
2015-01-21,7.642360000000001
2015-01-22,7.64221
2015-01-23,7.64912
2015-01-24,7.64912
2015-01-25,7.64912
2015-01-26,7.64911
2015-01-27,7.65273
2015-01-28,7.65305
2015-01-29,7.65263
2015-01-30,7.65538
2015-01-31,7.65538
2015-02-01,7.59748
2015-02-02,7.652089999999999
2015-02-03,7.625719999999999
2015-02-04,7.63973
2015-02-05,7.75679
2015-02-06,7.66495
2015-02-07,7.62356
2015-02-08,7.64871
2015-02-09,7.705610000000001
2015-02-10,7.72421
2015-02-11,7.662669999999999
2015-02-12,7.60146
2015-02-13,7.65048
2015-02-14,7.65048
2015-02-15,7.65048
2015-02-16,7.65505
2015-02-17,7.6512199999999995
2015-02-18,7.64544
2015-02-19,7.63997
2015-02-20,7.63895
2015-02-21,7.63895
2015-02-22,7.63895
2015-02-23,7.63448
2015-02-24,7.63612
2015-02-25,7.63403
2015-02-26,7.631480000000001
2015-02-27,7.627280000000001
2015-02-28,7.627280000000001
2015-03-01,7.59748
2015-03-02,7.6489199999999995
2015-03-03,7.62453
2015-03-04,7.63973
2015-03-05,7.75679
2015-03-06,7.668019999999999
2015-03-07,7.62103
2015-03-08,7.64267
2015-03-09,7.72867
2015-03-10,7.72421
2015-03-11,7.65683
2015-03-12,7.60991
2015-03-13,7.61371
2015-03-14,7.61371
2015-03-15,7.61371
2015-03-16,7.61148
2015-03-17,7.6124
2015-03-18,7.615939999999999
2015-03-19,7.61763
2015-03-20,7.62753
2015-03-21,7.62753
2015-03-22,7.62753
2015-03-23,7.63307
2015-03-24,7.63156
2015-03-25,7.634519999999999
2015-03-26,7.63885
2015-03-27,7.64469
2015-03-28,7.64469
2015-03-29,7.64469
2015-03-30,7.64624
2015-03-31,7.64485
2015-04-01,7.59748
2015-04-02,7.6496699999999995
2015-04-03,7.6243300000000005
2015-04-04,7.63973
2015-04-05,7.745080000000001
2015-04-06,7.68059
2015-04-07,7.62103
2015-04-08,7.64508
2015-04-09,7.738230000000001
2015-04-10,7.72421
2015-04-11,7.6544300000000005
2015-04-12,7.61056
2015-04-13,7.659439999999999
2015-04-14,7.66327
2015-04-15,7.669810000000001
2015-04-16,7.6719
2015-04-17,7.68335
2015-04-18,7.68335
2015-04-19,7.68335
2015-04-20,7.69998
2015-04-21,7.7064699999999995
2015-04-22,7.71904
2015-04-23,7.7328399999999995
2015-04-24,7.746289999999999
2015-04-25,7.746289999999999
2015-04-26,7.746289999999999
2015-04-27,7.76768
2015-04-28,7.77216
2015-04-29,7.76997
2015-04-30,7.75679
2015-05-01,7.59133
2015-05-02,7.651619999999999
2015-05-03,7.622669999999999
2015-05-04,7.63973
2015-05-05,7.73975
2015-05-06,7.689589999999999
2015-05-07,7.62103
2015-05-08,7.644660000000001
2015-05-09,7.738230000000001
2015-05-10,7.7178
2015-05-11,7.65755
2015-05-12,7.61056
2015-05-13,7.68785
2015-05-14,7.67053
2015-05-15,7.639419999999999
2015-05-16,7.639419999999999
2015-05-17,7.639419999999999
2015-05-18,7.63058
2015-05-19,7.6313699999999995
2015-05-20,7.644369999999999
2015-05-21,7.65928
2015-05-22,7.67203
2015-05-23,7.67203
2015-05-24,7.67203
2015-05-25,7.67703
2015-05-26,7.68364
2015-05-27,7.687760000000001
2015-05-28,7.681889999999999
2015-05-29,7.66732
2015-05-30,7.66732
2015-05-31,7.66732
2015-06-01,7.5915300000000006
2015-06-02,7.65342
2015-06-03,7.62277
2015-06-04,7.6369
2015-06-05,7.73775
2015-06-06,7.689589999999999
2015-06-07,7.61873
2015-06-08,7.641089999999999
2015-06-09,7.738230000000001
2015-06-10,7.703530000000001
2015-06-11,7.66465
2015-06-12,7.61056
2015-06-13,7.65925
2015-06-14,7.65925
2015-06-15,7.65385
2015-06-16,7.646739999999999
2015-06-17,7.63559
2015-06-18,7.63639
2015-06-19,7.63571
2015-06-20,7.63571
2015-06-21,7.63571
2015-06-22,7.629060000000001
2015-06-23,7.625439999999999
2015-06-24,7.61862
2015-06-25,7.616860000000001
2015-06-26,7.6245199999999995
2015-06-27,7.6245199999999995
2015-06-28,7.6245199999999995
2015-06-29,7.6245199999999995
2015-06-30,7.6245199999999995
2015-07-01,7.5926
2015-07-02,7.65342
2015-07-03,7.62277
2015-07-04,7.639060000000001
2015-07-05,7.7317
2015-07-06,7.689589999999999
2015-07-07,7.62588
2015-07-08,7.6383600000000005
2015-07-09,7.73172
2015-07-10,7.701689999999999
2015-07-11,7.66465
2015-07-12,7.61033
2015-07-13,7.65648
2015-07-14,7.66379
2015-07-15,7.6609
2015-07-16,7.6524
2015-07-17,7.64617
2015-07-18,7.64617
2015-07-19,7.64617
2015-07-20,7.6478399999999995
2015-07-21,7.6551800000000005
2015-07-22,7.65952
2015-07-23,7.659669999999999
2015-07-24,7.66765
2015-07-25,7.66765
2015-07-26,7.66765
2015-07-27,7.66737
2015-07-28,7.6687199999999995
2015-07-29,7.667730000000001
2015-07-30,7.6568
2015-07-31,7.64871
2015-08-01,7.6108
2015-08-02,7.65342
2015-08-03,7.62277
2015-08-04,7.6398399999999995
2015-08-05,7.721369999999999
2015-08-06,7.691110000000001
2015-08-07,7.63345
2015-08-08,7.6383600000000005
2015-08-09,7.72548
2015-08-10,7.69332
2015-08-11,7.66465
2015-08-12,7.606339999999999
2015-08-13,7.648060000000001
2015-08-14,7.64295
2015-08-15,7.64295
2015-08-16,7.64295
2015-08-17,7.64295
2015-08-18,7.63625
2015-08-19,7.633260000000001
2015-08-20,7.63098
2015-08-21,7.629389999999999
2015-08-22,7.629389999999999
2015-08-23,7.629389999999999
2015-08-24,7.62775
2015-08-25,7.6379
2015-08-26,7.654489999999999
2015-08-27,7.67075
2015-08-28,7.6784300000000005
2015-08-29,7.6784300000000005
2015-08-30,7.6784300000000005
2015-08-31,7.67975
2015-09-01,7.635260000000001
2015-09-02,7.64981
2015-09-03,7.62343
2015-09-04,7.64377
2015-09-05,7.721369999999999
2015-09-06,7.691910000000001
2015-09-07,7.64123
2015-09-08,7.6383600000000005
2015-09-09,7.722989999999999
2015-09-10,7.6783
2015-09-11,7.670660000000001
2015-09-12,7.60991
2015-09-13,7.71497
2015-09-14,7.6987
2015-09-15,7.6987
2015-09-16,7.67978
2015-09-17,7.664219999999999
2015-09-18,7.65343
2015-09-19,7.65343
2015-09-20,7.65343
2015-09-21,7.64882
2015-09-22,7.64695
2015-09-23,7.65393
2015-09-24,7.67582
2015-09-25,7.6889
2015-09-26,7.6889
2015-09-27,7.6889
2015-09-28,7.68018
2015-09-29,7.67092
2015-09-30,7.67553
2015-10-01,7.635260000000001
2015-10-02,7.64973
2015-10-03,7.620089999999999
2015-10-04,7.654560000000001
2015-10-05,7.721369999999999
2015-10-06,7.68195
2015-10-07,7.64533
2015-10-08,7.63788
2015-10-09,7.72042
2015-10-10,7.6783
2015-10-11,7.671539999999999
2015-10-12,7.60951
2015-10-13,7.67563
2015-10-14,7.66856
2015-10-15,7.66599
2015-10-16,7.661639999999999
2015-10-17,7.661639999999999
2015-10-18,7.661639999999999
2015-10-19,7.658919999999999
2015-10-20,7.658919999999999
2015-10-21,7.668260000000001
2015-10-22,7.67848
2015-10-23,7.6929300000000005
2015-10-24,7.6929300000000005
2015-10-25,7.6929300000000005
2015-10-26,7.69455
2015-10-27,7.68585
2015-10-28,7.68225
2015-10-29,7.6687199999999995
2015-10-30,7.662669999999999
2015-10-31,7.662669999999999
2015-11-01,7.635260000000001
2015-11-02,7.65372
2015-11-03,7.62122
2015-11-04,7.654560000000001
2015-11-05,7.704960000000001
2015-11-06,7.66603
2015-11-07,7.64533
2015-11-08,7.653389999999999
2015-11-09,7.71497
2015-11-10,7.6783
2015-11-11,7.66455
2015-11-12,7.60965
2015-11-13,7.65538
2015-11-14,7.65538
2015-11-15,7.65538
2015-11-16,7.65278
2015-11-17,7.64946
2015-11-18,7.64663
2015-11-19,7.64601
2015-11-20,7.64733
2015-11-21,7.64733
2015-11-22,7.64733
2015-11-23,7.637980000000001
2015-11-24,7.63219
2015-11-25,7.62585
2015-11-26,7.61658
2015-11-27,7.6153
2015-11-28,7.6153
2015-11-29,7.6153
2015-11-30,7.6123
2015-12-01,7.656460000000001
2015-12-02,7.65375
2015-12-03,7.6194
2015-12-04,7.654560000000001
2015-12-05,7.693919999999999
2015-12-06,7.65925
2015-12-07,7.64533
2015-12-08,7.65424
2015-12-09,7.71497
2015-12-10,7.6783
2015-12-11,7.660069999999999
2015-12-12,7.60965
2015-12-13,7.60965
2015-12-14,7.60854
2015-12-15,7.60699
2015-12-16,7.606839999999999
2015-12-17,7.61419
2015-12-18,7.6203199999999995
2015-12-19,7.6203199999999995
2015-12-20,7.6203199999999995
2015-12-21,7.62591
2015-12-22,7.62035
2015-12-23,7.6188
2015-12-24,7.61371
2015-12-25,7.61371
2015-12-26,7.61371
2015-12-27,7.61371
2015-12-28,7.61165
2015-12-29,7.6146899999999995
2015-12-30,7.63237
2015-12-31,7.63237
2016-01-01,7.63237
2016-01-02,7.6696800000000005
2016-01-03,7.6874
2016-01-04,7.71086
2016-01-05,7.73394
2016-01-06,7.625430000000001
2016-01-07,7.63735
2016-01-08,7.5602100000000005
2016-01-09,7.548610000000001
2016-01-10,7.52067
2016-01-11,7.5156
2016-01-12,7.516360000000001
2016-01-13,7.6471100000000005
2016-01-14,7.63998
2016-01-15,7.63183
2016-01-16,7.63183
2016-01-17,7.63183
2016-01-18,7.62696
2016-01-19,7.62803
2016-01-20,7.623660000000001
2016-01-21,7.63355
2016-01-22,7.646389999999999
2016-01-23,7.646389999999999
2016-01-24,7.646389999999999
2016-01-25,7.64692
2016-01-26,7.652660000000001
2016-01-27,7.67507
2016-01-28,7.6833100000000005
2016-01-29,7.67713
2016-01-30,7.67713
2016-01-31,7.67713
2016-02-01,7.63237
2016-02-02,7.66188
2016-02-03,7.68536
2016-02-04,7.71086
2016-02-05,7.73394
2016-02-06,7.62608
2016-02-07,7.63735
2016-02-08,7.55883
2016-02-09,7.5435
2016-02-10,7.52067
2016-02-11,7.506689999999999
2016-02-12,7.52882
2016-02-13,7.656339999999999
2016-02-14,7.656339999999999
2016-02-15,7.6565199999999995
2016-02-16,7.65728
2016-02-17,7.66035
2016-02-18,7.66327
2016-02-19,7.66887
2016-02-20,7.66887
2016-02-21,7.66887
2016-02-22,7.670789999999999
2016-02-23,7.673719999999999
2016-02-24,7.672960000000001
2016-02-25,7.676810000000001
2016-02-26,7.67658
2016-02-27,7.67658
2016-02-28,7.67658
2016-02-29,7.68272
2016-03-01,7.63237
2016-03-02,7.65615
2016-03-03,7.67735
2016-03-04,7.71086
2016-03-05,7.725569999999999
2016-03-06,7.63283
2016-03-07,7.63735
2016-03-08,7.549810000000001
2016-03-09,7.5435
2016-03-10,7.51952
2016-03-11,7.49747
2016-03-12,7.52882
2016-03-13,7.707839999999999
2016-03-14,7.721019999999999
2016-03-15,7.72912
2016-03-16,7.737189999999999
2016-03-17,7.73953
2016-03-18,7.74378
2016-03-19,7.74378
2016-03-20,7.74378
2016-03-21,7.744110000000001
2016-03-22,7.7408
2016-03-23,7.7412399999999995
2016-03-24,7.7412399999999995
2016-03-25,7.7412399999999995
2016-03-26,7.7412399999999995
2016-03-27,7.7412399999999995
2016-03-28,7.73423
2016-03-29,7.73113
2016-03-30,7.72233
2016-03-31,7.711060000000001
2016-04-01,7.64991
2016-04-02,7.647069999999999
2016-04-03,7.67669
2016-04-04,7.71065
2016-04-05,7.717339999999999
2016-04-06,7.63283
2016-04-07,7.63735
2016-04-08,7.5408100000000005
2016-04-09,7.5435
2016-04-10,7.51245
2016-04-11,7.5054
2016-04-12,7.52882
2016-04-13,7.739389999999999
2016-04-14,7.74527
2016-04-15,7.743119999999999
2016-04-16,7.743119999999999
2016-04-17,7.743119999999999
2016-04-18,7.7342
2016-04-19,7.7309399999999995
2016-04-20,7.73884
2016-04-21,7.740810000000001
2016-04-22,7.74027
2016-04-23,7.74027
2016-04-24,7.74027
2016-04-25,7.740819999999999
2016-04-26,7.74028
2016-04-27,7.741810000000001
2016-04-28,7.7372
2016-04-29,7.73394
2016-04-30,7.73394
2016-05-01,7.6531899999999995
2016-05-02,7.64658
2016-05-03,7.67669
2016-05-04,7.7092
2016-05-05,7.7119800000000005
2016-05-06,7.63283
2016-05-07,7.636010000000001
2016-05-08,7.538869999999999
2016-05-09,7.54023
2016-05-10,7.511139999999999
2016-05-11,7.5054
2016-05-12,7.53688
2016-05-13,7.63275
2016-05-14,7.63275
2016-05-15,7.63275
2016-05-16,7.637389999999999
2016-05-17,7.63837
2016-05-18,7.63789
2016-05-19,7.63064
2016-05-20,7.634539999999999
2016-05-21,7.634539999999999
2016-05-22,7.634539999999999
2016-05-23,7.63686
2016-05-24,7.63938
2016-05-25,7.63627
2016-05-26,7.62943
2016-05-27,7.62793
2016-05-28,7.62793
2016-05-29,7.62793
2016-05-30,7.62545
2016-05-31,7.625710000000001
2016-06-01,7.658739999999999
2016-06-02,7.64658
2016-06-03,7.67669
2016-06-04,7.709689999999999
2016-06-05,7.698919999999999
2016-06-06,7.6432199999999995
2016-06-07,7.63134
2016-06-08,7.538869999999999
2016-06-09,7.54224
2016-06-10,7.50508
2016-06-11,7.5054
2016-06-12,7.53397
2016-06-13,7.6695899999999995
2016-06-14,7.664289999999999
2016-06-15,7.654539999999999
2016-06-16,7.64469
2016-06-17,7.6373
2016-06-18,7.6373
2016-06-19,7.6373
2016-06-20,7.63399
2016-06-21,7.63037
2016-06-22,7.628889999999999
2016-06-23,7.63501
2016-06-24,7.6435699999999995
2016-06-25,7.6435699999999995
2016-06-26,7.6435699999999995
2016-06-27,7.64025
2016-06-28,7.63805
2016-06-29,7.63668
2016-06-30,7.63735
2016-07-01,7.65497
2016-07-02,7.64658
2016-07-03,7.68343
2016-07-04,7.7119800000000005
2016-07-05,7.698919999999999
2016-07-06,7.64491
2016-07-07,7.630089999999999
2016-07-08,7.538869999999999
2016-07-09,7.53764
2016-07-10,7.4952
2016-07-11,7.512989999999999
2016-07-12,7.52755
2016-07-13,7.61372
2016-07-14,7.613160000000001
2016-07-15,7.60867
2016-07-16,7.60867
2016-07-17,7.60867
2016-07-18,7.599989999999999
2016-07-19,7.58633
2016-07-20,7.58385
2016-07-21,7.58402
2016-07-22,7.59282
2016-07-23,7.59282
2016-07-24,7.59282
2016-07-25,7.59058
2016-07-26,7.57682
2016-07-27,7.5753699999999995
2016-07-28,7.565639999999999
2016-07-29,7.561
2016-07-30,7.561
2016-07-31,7.561
2016-08-01,7.65689
2016-08-02,7.64849
2016-08-03,7.6955800000000005
2016-08-04,7.72085
2016-08-05,7.698919999999999
2016-08-06,7.64827
2016-08-07,7.62374
2016-08-08,7.53896
2016-08-09,7.5361
2016-08-10,7.4952
2016-08-11,7.5109699999999995
2016-08-12,7.5159899999999995
2016-08-13,7.50582
2016-08-14,7.50582
2016-08-15,7.50582
2016-08-16,7.50272
2016-08-17,7.500939999999999
2016-08-18,7.511019999999999
2016-08-19,7.522289999999999
2016-08-20,7.522289999999999
2016-08-21,7.522289999999999
2016-08-22,7.529789999999999
2016-08-23,7.54246
2016-08-24,7.55377
2016-08-25,7.554310000000001
2016-08-26,7.55369
2016-08-27,7.55369
2016-08-28,7.55369
2016-08-29,7.55444
2016-08-30,7.5533399999999995
2016-08-31,7.55319
2016-09-01,7.65689
2016-09-02,7.64835
2016-09-03,7.70047
2016-09-04,7.72085
2016-09-05,7.66835
2016-09-06,7.6516399999999996
2016-09-07,7.62374
2016-09-08,7.53719
2016-09-09,7.53224
2016-09-10,7.4952
2016-09-11,7.5037899999999995
2016-09-12,7.509530000000001
2016-09-13,7.5209600000000005
2016-09-14,7.51893
2016-09-15,7.51893
2016-09-16,7.5178
2016-09-17,7.5178
2016-09-18,7.5178
2016-09-19,7.511019999999999
2016-09-20,7.51232
2016-09-21,7.51485
2016-09-22,7.516660000000001
2016-09-23,7.517919999999999
2016-09-24,7.517919999999999
2016-09-25,7.517919999999999
2016-09-26,7.517180000000001
2016-09-27,7.517580000000001
2016-09-28,7.52305
2016-09-29,7.520810000000001
2016-09-30,7.52067
2016-10-01,7.65689
2016-10-02,7.65332
2016-10-03,7.70072
2016-10-04,7.72085
2016-10-05,7.65407
2016-10-06,7.664039999999999
2016-10-07,7.62374
2016-10-08,7.53723
2016-10-09,7.53224
2016-10-10,7.48385
2016-10-11,7.502110000000001
2016-10-12,7.509530000000001
2016-10-13,7.4692300000000005
2016-10-14,7.47152
2016-10-15,7.47152
2016-10-16,7.47152
2016-10-17,7.47912
2016-10-18,7.475789999999999
2016-10-19,7.489380000000001
2016-10-20,7.489380000000001
2016-10-21,7.49132
2016-10-22,7.49132
2016-10-23,7.49132
2016-10-24,7.4996
2016-10-25,7.50335
2016-10-26,7.52313
2016-10-27,7.5309
2016-10-28,7.5255399999999995
2016-10-29,7.5255399999999995
2016-10-30,7.5255399999999995
2016-10-31,7.5156
2016-11-01,7.65119
2016-11-02,7.6542699999999995
2016-11-03,7.707839999999999
2016-11-04,7.7282399999999996
2016-11-05,7.64115
2016-11-06,7.664039999999999
2016-11-07,7.6205300000000005
2016-11-08,7.52367
2016-11-09,7.53224
2016-11-10,7.47492
2016-11-11,7.496560000000001
2016-11-12,7.509530000000001
2016-11-13,7.496560000000001
2016-11-14,7.49578
2016-11-15,7.4897100000000005
2016-11-16,7.49026
2016-11-17,7.49217
2016-11-18,7.49776
2016-11-19,7.49776
2016-11-20,7.49776
2016-11-21,7.505310000000001
2016-11-22,7.50789
2016-11-23,7.50703
2016-11-24,7.505889999999999
2016-11-25,7.515560000000001
2016-11-26,7.515560000000001
2016-11-27,7.515560000000001
2016-11-28,7.515389999999999
2016-11-29,7.51297
2016-11-30,7.51202
2016-12-01,7.647689999999999
2016-12-02,7.656339999999999
2016-12-03,7.707839999999999
2016-12-04,7.73533
2016-12-05,7.62418
2016-12-06,7.664039999999999
2016-12-07,7.61382
2016-12-08,7.50582
2016-12-09,7.5263100000000005
2016-12-10,7.47492
2016-12-11,7.496560000000001
2016-12-12,7.50242
2016-12-13,7.50252
2016-12-14,7.5011
2016-12-15,7.49512
2016-12-16,7.49194
2016-12-17,7.49194
2016-12-18,7.49194
2016-12-19,7.485530000000001
2016-12-20,7.470339999999999
2016-12-21,7.47063
2016-12-22,7.479089999999999
2016-12-23,7.487139999999999
2016-12-24,7.487139999999999
2016-12-25,7.487139999999999
2016-12-26,7.487139999999999
2016-12-27,7.49119
2016-12-28,7.49998
2016-12-29,7.522130000000001
2016-12-30,7.522130000000001
2016-12-31,7.522130000000001
2017-01-01,7.522130000000001
2017-01-02,7.4717
2017-01-03,7.375030000000001
2017-01-04,7.339760000000001
2017-01-05,7.33885
2017-01-06,7.35717
2017-01-07,7.335160000000001
2017-01-08,7.27849
2017-01-09,7.2964
2017-01-10,7.34427
2017-01-11,7.34271
2017-01-12,7.3399600000000005
2017-01-13,7.53428
2017-01-14,7.53428
2017-01-15,7.53428
2017-01-16,7.546010000000001
2017-01-17,7.548210000000001
2017-01-18,7.540030000000001
2017-01-19,7.5333
2017-01-20,7.52503
2017-01-21,7.52503
2017-01-22,7.52503
2017-01-23,7.51842
2017-01-24,7.50753
2017-01-25,7.497560000000001
2017-01-26,7.48319
2017-01-27,7.4765
2017-01-28,7.4765
2017-01-29,7.4765
2017-01-30,7.47461
2017-01-31,7.4744399999999995
2017-02-01,7.522130000000001
2017-02-02,7.460889999999999
2017-02-03,7.37878
2017-02-04,7.339760000000001
2017-02-05,7.339
2017-02-06,7.358639999999999
2017-02-07,7.335160000000001
2017-02-08,7.27341
2017-02-09,7.2964
2017-02-10,7.349880000000001
2017-02-11,7.34245
2017-02-12,7.3399600000000005
2017-02-13,7.42943
2017-02-14,7.42132
2017-02-15,7.41644
2017-02-16,7.4084
2017-02-17,7.39213
2017-02-18,7.39213
2017-02-19,7.39213
2017-02-20,7.38112
2017-02-21,7.37878
2017-02-22,7.37149
2017-02-23,7.3653
2017-02-24,7.3521399999999995
2017-02-25,7.3521399999999995
2017-02-26,7.3521399999999995
2017-02-27,7.354410000000001
2017-02-28,7.368519999999999
2017-03-01,7.54656
2017-03-02,7.46017
2017-03-03,7.3739300000000005
2017-03-04,7.33747
2017-03-05,7.3407100000000005
2017-03-06,7.358639999999999
2017-03-07,7.335160000000001
2017-03-08,7.270760000000001
2017-03-09,7.2964
2017-03-10,7.34364
2017-03-11,7.34134
2017-03-12,7.3399600000000005
2017-03-13,7.36932
2017-03-14,7.37057
2017-03-15,7.37397
2017-03-16,7.370239999999999
2017-03-17,7.36039
2017-03-18,7.36039
2017-03-19,7.36039
2017-03-20,7.34393
2017-03-21,7.336060000000001
2017-03-22,7.33535
2017-03-23,7.34
2017-03-24,7.343939999999999
2017-03-25,7.343939999999999
2017-03-26,7.343939999999999
2017-03-27,7.340910000000001
2017-03-28,7.3353399999999995
2017-03-29,7.3348
2017-03-30,7.33666
2017-03-31,7.339760000000001
2017-04-01,7.560789999999999
2017-04-02,7.46017
2017-04-03,7.3739300000000005
2017-04-04,7.339180000000001
2017-04-05,7.34121
2017-04-06,7.358639999999999
2017-04-07,7.331230000000001
2017-04-08,7.27372
2017-04-09,7.291760000000001
2017-04-10,7.3432699999999995
2017-04-11,7.34134
2017-04-12,7.3396300000000005
2017-04-13,7.33862
2017-04-14,7.33862
2017-04-15,7.33862
2017-04-16,7.33862
2017-04-17,7.3342600000000004
2017-04-18,7.33466
2017-04-19,7.33283
2017-04-20,7.33033
2017-04-21,7.333660000000001
2017-04-22,7.333660000000001
2017-04-23,7.333660000000001
2017-04-24,7.3354800000000004
2017-04-25,7.3394
2017-04-26,7.34179
2017-04-27,7.3417699999999995
2017-04-28,7.33885
2017-04-29,7.33885
2017-04-30,7.33885
2017-05-01,7.55235
2017-05-02,7.46017
2017-05-03,7.3739300000000005
2017-05-04,7.338710000000001
2017-05-05,7.3387
2017-05-06,7.35571
2017-05-07,7.33135
2017-05-08,7.27372
2017-05-09,7.29697
2017-05-10,7.34192
2017-05-11,7.34134
2017-05-12,7.34028
2017-05-13,7.33293
2017-05-14,7.33293
2017-05-15,7.33294
2017-05-16,7.334219999999999
2017-05-17,7.33551
2017-05-18,7.33178
2017-05-19,7.33552
2017-05-20,7.33552
2017-05-21,7.33552
2017-05-22,7.3327
2017-05-23,7.335030000000001
2017-05-24,7.33835
2017-05-25,7.3418600000000005
2017-05-26,7.348160000000001
2017-05-27,7.348160000000001
2017-05-28,7.348160000000001
2017-05-29,7.35153
2017-05-30,7.348789999999999
2017-05-31,7.352639999999999
2017-06-01,7.542669999999999
2017-06-02,7.44707
2017-06-03,7.3739
2017-06-04,7.33955
2017-06-05,7.3387
2017-06-06,7.35089
2017-06-07,7.332139999999999
2017-06-08,7.27372
2017-06-09,7.292039999999999
2017-06-10,7.343780000000001
2017-06-11,7.33708
2017-06-12,7.34053
2017-06-13,7.34202
2017-06-14,7.3432699999999995
2017-06-15,7.33945
2017-06-16,7.3426800000000005
2017-06-17,7.3426800000000005
2017-06-18,7.3426800000000005
2017-06-19,7.3418
2017-06-20,7.338210000000001
2017-06-21,7.33825
2017-06-22,7.3368899999999995
2017-06-23,7.33708
2017-06-24,7.33708
2017-06-25,7.33708
2017-06-26,7.334060000000001
2017-06-27,7.33442
2017-06-28,7.336
2017-06-29,7.335160000000001
2017-06-30,7.335160000000001
2017-07-01,7.542669999999999
2017-07-02,7.43918
2017-07-03,7.375789999999999
2017-07-04,7.338030000000001
2017-07-05,7.3387
2017-07-06,7.34727
2017-07-07,7.3281600000000005
2017-07-08,7.271889999999999
2017-07-09,7.2923
2017-07-10,7.343780000000001
2017-07-11,7.33413
2017-07-12,7.3373
2017-07-13,7.30393
2017-07-14,7.29483
2017-07-15,7.29483
2017-07-16,7.29483
2017-07-17,7.28746
2017-07-18,7.289060000000001
2017-07-19,7.2930399999999995
2017-07-20,7.29395
2017-07-21,7.293489999999999
2017-07-22,7.293489999999999
2017-07-23,7.293489999999999
2017-07-24,7.29298
2017-07-25,7.290030000000001
2017-07-26,7.291980000000001
2017-07-27,7.29042
2017-07-28,7.289810000000001
2017-07-29,7.289810000000001
2017-07-30,7.289810000000001
2017-07-31,7.28235
2017-08-01,7.542669999999999
2017-08-02,7.437639999999999
2017-08-03,7.37684
2017-08-04,7.338030000000001
2017-08-05,7.33502
2017-08-06,7.347510000000001
2017-08-07,7.3281600000000005
2017-08-08,7.27228
2017-08-09,7.292389999999999
2017-08-10,7.343780000000001
2017-08-11,7.33237
2017-08-12,7.3387899999999995
2017-08-13,7.27345
2017-08-14,7.2697
2017-08-15,7.2697
2017-08-16,7.26986
2017-08-17,7.27004
2017-08-18,7.2731699999999995
2017-08-19,7.2731699999999995
2017-08-20,7.2731699999999995
2017-08-21,7.26935
2017-08-22,7.272469999999999
2017-08-23,7.277989999999999
2017-08-24,7.27505
2017-08-25,7.27758
2017-08-26,7.27758
2017-08-27,7.27758
2017-08-28,7.2824
2017-08-29,7.285830000000001
2017-08-30,7.287889999999999
2017-08-31,7.29086
2017-09-01,7.5338199999999995
2017-09-02,7.43727
2017-09-03,7.37335
2017-09-04,7.338030000000001
2017-09-05,7.336
2017-09-06,7.34733
2017-09-07,7.3281600000000005
2017-09-08,7.27383
2017-09-09,7.292389999999999
2017-09-10,7.340269999999999
2017-09-11,7.3305
2017-09-12,7.3387899999999995
2017-09-13,7.29201
2017-09-14,7.292269999999999
2017-09-15,7.292269999999999
2017-09-16,7.292269999999999
2017-09-17,7.292269999999999
2017-09-18,7.29292
2017-09-19,7.293480000000001
2017-09-20,7.29387
2017-09-21,7.294639999999999
2017-09-22,7.30357
2017-09-23,7.30357
2017-09-24,7.30357
2017-09-25,7.314310000000001
2017-09-26,7.3216399999999995
2017-09-27,7.32884
2017-09-28,7.33372
2017-09-29,7.34427
2017-09-30,7.34427
2017-10-01,7.52624
2017-10-02,7.43595
2017-10-03,7.376360000000001
2017-10-04,7.33827
2017-10-05,7.3377
2017-10-06,7.34733
2017-10-07,7.326289999999999
2017-10-08,7.275410000000001
2017-10-09,7.292389999999999
2017-10-10,7.34417
2017-10-11,7.32413
2017-10-12,7.3387899999999995
2017-10-13,7.34127
2017-10-14,7.34127
2017-10-15,7.34127
2017-10-16,7.341289999999999
2017-10-17,7.3407800000000005
2017-10-18,7.34422
2017-10-19,7.343210000000001
2017-10-20,7.343210000000001
2017-10-21,7.343210000000001
2017-10-22,7.343210000000001
2017-10-23,7.3426100000000005
2017-10-24,7.343310000000001
2017-10-25,7.345860000000001
2017-10-26,7.34622
2017-10-27,7.34592
2017-10-28,7.34592
2017-10-29,7.34592
2017-10-30,7.34387
2017-10-31,7.34271
2017-11-01,7.532719999999999
2017-11-02,7.43595
2017-11-03,7.376360000000001
2017-11-04,7.336180000000001
2017-11-05,7.33339
2017-11-06,7.34733
2017-11-07,7.319210000000001
2017-11-08,7.27345
2017-11-09,7.291289999999999
2017-11-10,7.34409
2017-11-11,7.32413
2017-11-12,7.3376600000000005
2017-11-13,7.32102
2017-11-14,7.32061
2017-11-15,7.32337
2017-11-16,7.321680000000001
2017-11-17,7.32897
2017-11-18,7.32897
2017-11-19,7.32897
2017-11-20,7.325010000000001
2017-11-21,7.330489999999999
2017-11-22,7.335039999999999
2017-11-23,7.333089999999999
2017-11-24,7.33525
2017-11-25,7.33525
2017-11-26,7.33525
2017-11-27,7.3384100000000005
2017-11-28,7.340039999999999
2017-11-29,7.34178
2017-11-30,7.341360000000001
2017-12-01,7.53074
2017-12-02,7.43595
2017-12-03,7.376360000000001
2017-12-04,7.33862
2017-12-05,7.33293
2017-12-06,7.344060000000001
2017-12-07,7.3162199999999995
2017-12-08,7.27345
2017-12-09,7.292
2017-12-10,7.34409
2017-12-11,7.32413
2017-12-12,7.33865
2017-12-13,7.340739999999999
2017-12-14,7.336760000000001
2017-12-15,7.3395
2017-12-16,7.3395
2017-12-17,7.3395
2017-12-18,7.33862
2017-12-19,7.33874
2017-12-20,7.34152
2017-12-21,7.34168
2017-12-22,7.34253
2017-12-23,7.34253
2017-12-24,7.34253
2017-12-25,7.34253
2017-12-26,7.3443
2017-12-27,7.344130000000001
2017-12-28,7.34477
2017-12-29,7.34477
2017-12-30,7.34477
2017-12-31,7.34477
2018-01-01,7.34477
2018-01-02,7.34864
2018-01-03,7.376510000000001
2018-01-04,7.399189999999999
2018-01-05,7.41205
2018-01-06,7.4844800000000005
2018-01-07,7.49326
2018-01-08,7.48405
2018-01-09,7.562539999999999
2018-01-10,7.698360000000001
2018-01-11,7.7334
2018-01-13,7.33984
2018-01-14,7.33984
2018-01-15,7.33846
2018-01-16,7.33785
2018-01-17,7.33931
2018-01-18,7.3407100000000005
2018-01-19,7.3411100000000005
2018-01-20,7.3411100000000005
2018-01-21,7.3411100000000005
2018-01-22,7.341889999999999
2018-01-23,7.34445
2018-01-24,7.347360000000001
2018-01-25,7.34868
2018-01-26,7.3486
2018-01-27,7.3486
2018-01-28,7.3486
2018-01-29,7.34651
2018-01-30,7.3499300000000005
2018-01-31,7.352460000000001
2018-02-01,7.347460000000001
2018-02-02,7.34737
2018-02-03,7.37825
2018-02-04,7.403980000000001
2018-02-05,7.41487
2018-02-06,7.4844800000000005
2018-02-07,7.49326
2018-02-08,7.4884
2018-02-09,7.562539999999999
2018-02-10,7.699610000000001
2018-02-11,7.72162
2018-02-13,7.35883
2018-02-14,7.35963
2018-02-15,7.357639999999999
2018-02-16,7.35801
2018-02-17,7.35801
2018-02-18,7.35801
2018-02-19,7.360639999999999
2018-02-20,7.36612
2018-02-21,7.36476
2018-02-22,7.36952
2018-02-23,7.36797
2018-02-24,7.36797
2018-02-25,7.36797
2018-02-26,7.37023
2018-02-27,7.37298
2018-02-28,7.3775699999999995
2018-03-01,7.341260000000001
2018-03-02,7.34737
2018-03-03,7.37825
2018-03-04,7.40192
2018-03-05,7.41326
2018-03-06,7.4844800000000005
2018-03-07,7.4934899999999995
2018-03-08,7.48659
2018-03-09,7.5715
2018-03-10,7.700589999999999
2018-03-11,7.72162
2018-03-13,7.399830000000001
2018-03-14,7.400060000000001
2018-03-15,7.39907
2018-03-16,7.40066
2018-03-17,7.40066
2018-03-18,7.40066
2018-03-19,7.400060000000001
2018-03-20,7.400989999999999
2018-03-21,7.399719999999999
2018-03-22,7.399889999999999
2018-03-23,7.39761
2018-03-24,7.39761
2018-03-25,7.39761
2018-03-26,7.3987
2018-03-27,7.39778
2018-03-28,7.399189999999999
2018-03-29,7.399189999999999
2018-03-30,7.399189999999999
2018-03-31,7.399189999999999
2018-04-01,7.341480000000001
2018-04-02,7.34737
2018-04-03,7.37825
2018-04-04,7.40348
2018-04-05,7.41529
2018-04-06,7.4829300000000005
2018-04-07,7.4912399999999995
2018-04-08,7.48659
2018-04-09,7.587910000000001
2018-04-10,7.699910000000001
2018-04-11,7.72162
2018-04-13,7.399769999999999
2018-04-14,7.399769999999999
2018-04-15,7.399769999999999
2018-04-16,7.40189
2018-04-17,7.4008199999999995
2018-04-18,7.40499
2018-04-19,7.4017100000000005
2018-04-20,7.400689999999999
2018-04-21,7.400689999999999
2018-04-22,7.400689999999999
2018-04-23,7.4012
2018-04-24,7.4024
2018-04-25,7.404780000000001
2018-04-26,7.40187
2018-04-27,7.4087
2018-04-28,7.4087
2018-04-29,7.4087
2018-04-30,7.41205
2018-05-01,7.344060000000001
2018-05-02,7.350439999999999
2018-05-03,7.37723
2018-05-04,7.4031899999999995
2018-05-05,7.41529
2018-05-06,7.48251
2018-05-07,7.4913300000000005
2018-05-08,7.48659
2018-05-09,7.589119999999999
2018-05-10,7.69883
2018-05-11,7.71656
2018-05-13,7.42315
2018-05-14,7.424580000000001
2018-05-15,7.42243
2018-05-16,7.428839999999999
2018-05-17,7.434360000000001
2018-05-18,7.4435199999999995
2018-05-19,7.4435199999999995
2018-05-20,7.4435199999999995
2018-05-21,7.4454
2018-05-22,7.45413
2018-05-23,7.46214
2018-05-24,7.466080000000001
2018-05-25,7.47266
2018-05-26,7.47266
2018-05-27,7.47266
2018-05-28,7.475239999999999
2018-05-29,7.483
2018-05-30,7.48295
2018-05-31,7.48595
2018-06-01,7.344060000000001
2018-06-02,7.35203
2018-06-03,7.37867
2018-06-04,7.40095
2018-06-05,7.41529
2018-06-06,7.47964
2018-06-07,7.487839999999999
2018-06-08,7.485360000000001
2018-06-09,7.6039699999999995
2018-06-10,7.69883
2018-06-11,7.70913
2018-06-13,7.48376
2018-06-14,7.48332
2018-06-15,7.480580000000001
2018-06-16,7.480580000000001
2018-06-17,7.480580000000001
2018-06-18,7.482480000000001
2018-06-19,7.48296
2018-06-20,7.48315
2018-06-21,7.48813
2018-06-22,7.489960000000001
2018-06-23,7.489960000000001
2018-06-24,7.489960000000001
2018-06-25,7.48919
2018-06-26,7.491230000000001
2018-06-27,7.493860000000001
2018-06-28,7.49326
2018-06-29,7.49326
2018-06-30,7.49326
2018-07-01,7.344060000000001
2018-07-02,7.35273
2018-07-03,7.38002
2018-07-04,7.40095
2018-07-05,7.416
2018-07-06,7.482189999999999
2018-07-07,7.487839999999999
2018-07-08,7.48269
2018-07-09,7.62148
2018-07-10,7.69883
2018-07-11,7.70459
2018-07-13,7.48203
2018-07-14,7.48203
2018-07-15,7.48203
2018-07-16,7.4812199999999995
2018-07-17,7.4783100000000005
2018-07-18,7.480460000000001
2018-07-19,7.47875
2018-07-20,7.477639999999999
2018-07-21,7.477639999999999
2018-07-22,7.477639999999999
2018-07-23,7.476319999999999
2018-07-24,7.47813
2018-07-25,7.48146
2018-07-26,7.493119999999999
2018-07-27,7.48577
2018-07-28,7.48577
2018-07-29,7.48577
2018-07-30,7.48415
2018-07-31,7.48477
2018-08-01,7.34077
2018-08-02,7.357139999999999
2018-08-03,7.385339999999999
2018-08-04,7.40095
2018-08-05,7.41825
2018-08-06,7.4824
2018-08-07,7.487839999999999
2018-08-08,7.48487
2018-08-09,7.62148
2018-08-10,7.70017
2018-08-11,7.694780000000001
2018-08-13,7.481560000000001
2018-08-14,7.480510000000001
2018-08-15,7.480510000000001
2018-08-16,7.4820899999999995
2018-08-17,7.48205
2018-08-18,7.48205
2018-08-19,7.48205
2018-08-20,7.48911
2018-08-21,7.49348
2018-08-22,7.505910000000001
2018-08-23,7.521139999999999
2018-08-24,7.526489999999999
2018-08-25,7.526489999999999
2018-08-26,7.526489999999999
2018-08-27,7.5341
2018-08-28,7.541930000000001
2018-08-29,7.54823
2018-08-30,7.55456
2018-08-31,7.562539999999999
2018-09-01,7.33935
2018-09-02,7.35779
2018-09-03,7.38842
2018-09-04,7.39911
2018-09-05,7.42103
2018-09-06,7.4824
2018-09-07,7.487589999999999
2018-09-08,7.485410000000001
2018-09-09,7.62148
2018-09-10,7.7064
2018-09-11,7.69015
2018-09-13,7.65455
2018-09-14,7.65455
2018-09-15,7.65455
2018-09-16,7.65455
2018-09-17,7.659510000000001
2018-09-18,7.66453
2018-09-19,7.67223
2018-09-20,7.6885
2018-09-21,7.704219999999999
2018-09-22,7.704219999999999
2018-09-23,7.704219999999999
2018-09-24,7.70983
2018-09-25,7.709510000000001
2018-09-26,7.70445
2018-09-27,7.70374
2018-09-28,7.70206
2018-09-29,7.70206
2018-09-30,7.70206
2018-10-01,7.342389999999999
2018-10-02,7.35779
2018-10-03,7.38842
2018-10-04,7.402139999999999
2018-10-05,7.42502
2018-10-06,7.4824
2018-10-07,7.4871300000000005
2018-10-08,7.48332
2018-10-09,7.6373
2018-10-10,7.707669999999999
2018-10-11,7.69015
2018-10-13,7.7149399999999995
2018-10-14,7.7149399999999995
2018-10-15,7.723510000000001
2018-10-16,7.726780000000001
2018-10-17,7.73596
2018-10-18,7.73678
2018-10-19,7.74183
2018-10-20,7.74183
2018-10-21,7.74183
2018-10-22,7.74183
2018-10-23,7.7462
2018-10-24,7.7475
2018-10-25,7.7496100000000006
2018-10-26,7.74534
2018-10-27,7.74534
2018-10-28,7.74534
2018-10-29,7.7430699999999995
2018-10-30,7.7374
2018-10-31,7.7334
2018-11-01,7.34201
2018-11-02,7.35779
2018-11-03,7.38842
2018-11-04,7.40181
2018-11-05,7.42315
2018-11-06,7.479610000000001
2018-11-07,7.48647
2018-11-08,7.48332
2018-11-09,7.648219999999999
2018-11-10,7.7149399999999995
2018-11-11,7.69015
2018-11-13,7.6986
2018-11-14,7.694839999999999
2018-11-15,7.6954899999999995
2018-11-16,7.69649
2018-11-17,7.69649
2018-11-18,7.69649
2018-11-19,7.69738
2018-11-20,7.6959800000000005
2018-11-21,7.6943
2018-11-22,7.6955100000000005
2018-11-23,7.6940100000000005
2018-11-24,7.6940100000000005
2018-11-25,7.6940100000000005
2018-11-26,7.69313
2018-11-27,7.70028
2018-11-28,7.6966399999999995
2018-12-01,7.33984
2018-12-02,7.3564
2018-12-03,7.3949
2018-12-04,7.40113
2018-12-05,7.42315
2018-12-06,7.481089999999999
2018-12-07,7.4855
2018-12-08,7.48332
2018-12-09,7.65366
2018-12-10,7.7149399999999995
2018-12-11,7.6957
